"QUBID","First Name","Last Name","Email","Role","Status"
"10000000","Louise","Marshall","glennyboi1@me.com","User","Active"
"10000001","Gary","Marshall-Adams","glenn1@icloud.com","Module Owner","Active"
"10000002","Stearn","Kyllford","glenn2@icloud.com","Module Owner","Pending"
"10000003","Faina","Heathcoat","glenn3@icloud.com","User","Pending"
"10000004","Wyn","Gavagan","glenn4@icloud.com","School Management","Pending"
"10000005","Wenonah","Meadowcraft","glenn5@icloud.com","Admin","Pending"
"10000006","Goran","Brunotti","glenn6@icloud.com","Module Owner","Pending"
"10000007","Gary","Marshall-Adams","glenn7@icloud.com","User","Pending"
"10008234","Sylas","Allder","salldergq@yale.edu","Clerical","Pending"
"10101709","Dionne","Yakolev","dyakolevmv@utexas.edu","Module Owner","Active"
"10189556","Sanson","Parton","spartoni6@icio.us","Clerical","Pending"
"10228172","Charmaine","Dowker","cdowkergt@wp.com","Module Owner","Active"
"10336974","Rici","Kohen","rkohenc4@opera.com","User","Pending"
"10468164","Christopher","Craythorne","ccraythornee4@illinois.edu","User","Pending"
"10507027","Florenza","Heinschke","fheinschkefg@google.com.br","User","Expired"
"10667480","Euell","Gumley","egumleygg@etsy.com","User","Disabled"
"10995174","Chelsae","Spens","cspensq8@so-net.ne.jp","Clerical","Expired"
"11106831","Eldin","Girth","egirth1g@live.com","Admin","Pending"
"11122704","Alys","Bramich","abramich6r@yahoo.co.jp","School Management","Pending"
"11212913","Denny","Johann","djohanndu@ow.ly","User","Disabled"
"11284277","Patin","Okie","pokieeu@miibeian.gov.cn","Module Owner","Expired"
"11819575","Cindra","Esmond","cesmondkw@accuweather.com","User","Pending"
"11919980","Neilla","Merrgen","nmerrgenpt@ed.gov","Adhoc","Pending"
"11950273","Bartie","Dommersen","bdommersen92@meetup.com","Adhoc","Disabled"
"12154340","Ruth","Danahar","rdanahar2k@liveinternet.ru","Admin","Active"
"12522257","Rainer","Grishanov","rgrishanovkm@google.fr","Admin","Pending"
"12639491","Clemence","Bleakley","cbleakley2q@xing.com","User","Disabled"
"12658697","Aili","Rotte","arotte74@123-reg.co.uk","Module Owner","Expired"
"12676575","Kaela","Fidoe","kfidoe3x@pagesperso-orange.fr","Admin","Expired"
"12758147","Stearn","Kyllford","skyllford9y@skyrock.com","Module Owner","Pending"
"12772248","Faina","Heathcoat","fheathcoat5w@blogspot.com","User","Pending"
"12815887","Wyn","Gavagan","wgavaganb2@slideshare.net","School Management","Active"
"12946867","Wenonah","Meadowcraft","wmeadowcraft7y@chicagotribune.com","Admin","Disabled"
"12963417","Goran","Brunotti","gbrunottig3@ted.com","Module Owner","Active"
"13025758","Fabio","Musicka","fmusicka3g@wired.com","User","Expired"
"13044523","Evangeline","Canaan","ecanaanmw@weather.com","User","Pending"
"13141612","Antonino","Warbeys","awarbeysy@weebly.com","Module Owner","Expired"
"13167747","Stephan","Ilyukhov","silyukhov5h@alexa.com","School Management","Disabled"
"13232552","Niels","Farnaby","nfarnabyji@soundcloud.com","School Management","Pending"
"13297326","Bari","Ferro","bferro33@cloudflare.com","School Management","Disabled"
"13299360","Carly","Haycroft","chaycroftaj@infoseek.co.jp","User","Expired"
"13353037","Millie","Goodhay","mgoodhayl1@ezinearticles.com","Clerical","Active"
"13435874","Paola","Babber","pbabberka@tamu.edu","User","Pending"
"13459923","Jeri","Davion","jdavion5i@wordpress.com","Clerical","Disabled"
"13470767","Karlan","Vigne","kvignek0@facebook.com","User","Disabled"
"13523770","Donnamarie","Cornthwaite","dcornthwaitea2@mac.com","Clerical","Pending"
"13686161","Janella","Corbishley","jcorbishley3c@google.com","Module Owner","Expired"
"13802231","Holly-anne","Gruby","hgrubyjf@newyorker.com","School Management","Pending"
"13806656","Juliette","Lampbrecht","jlampbrechtp3@list-manage.com","Admin","Pending"
"13824391","Coletta","Gosnall","cgosnall15@chicagotribune.com","Module Owner","Expired"
"13830178","Chloette","Woolen","cwoolenrn@sfgate.com","Admin","Expired"
"13938306","Thomasine","Rame","tramee7@list-manage.com","Clerical","Expired"
"14033077","Charlean","Grewer","cgrewer3n@hatena.ne.jp","Adhoc","Active"
"14035094","Mozes","Hayler","mhaylerkg@blogtalkradio.com","Adhoc","Pending"
"14090362","Cindra","Gowdie","cgowdie3@mapy.cz","User","Disabled"
"14108283","Dyane","Camies","dcamiesdo@alibaba.com","Adhoc","Active"
"14216269","Brigida","Skade","bskadem7@multiply.com","Adhoc","Disabled"
"14251101","Cathy","Elsmor","celsmor9d@usa.gov","Module Owner","Disabled"
"14273066","Fredrika","Marrian","fmarrianjn@taobao.com","User","Active"
"14285272","Nikolai","Janic","njanic56@chron.com","Clerical","Pending"
"14397012","Karil","Conisbee","kconisbee2p@scientificamerican.com","Clerical","Expired"
"14443524","Reagan","Pilbeam","rpilbeam3r@google.es","Admin","Pending"
"14475796","Antin","Beardshall","abeardshallig@zimbio.com","Module Owner","Expired"
"14509584","Isak","Hudleston","ihudlestonjb@state.tx.us","Admin","Disabled"
"14547814","Decca","Tiffin","dtiffin5o@fastcompany.com","Module Owner","Active"
"14684237","Glenn","Pyrton","gpyrtonq5@cbc.ca","Admin","Pending"
"14748735","Adel","Abden","aabden2g@buzzfeed.com","User","Expired"
"14842215","Lexis","Sawter","lsawterj8@purevolume.com","User","Active"
"14862890","Luella","Varnals","lvarnalshy@amazon.co.uk","Clerical","Disabled"
"14993559","Sibylle","Calverd","scalverdls@ovh.net","Adhoc","Disabled"
"15089899","Brook","Alvis","balvis85@example.com","Adhoc","Active"
"15213476","Desiree","Imore","dimore91@over-blog.com","Module Owner","Expired"
"15215683","Jack","Dampney","jdampneyjt@infoseek.co.jp","Module Owner","Active"
"15252771","Tucky","Grenfell","tgrenfellr7@wikia.com","Adhoc","Pending"
"15257495","Nester","Bruff","nbruffhw@china.com.cn","Adhoc","Pending"
"15278028","Rianon","Biermatowicz","rbiermatowiczab@va.gov","Adhoc","Active"
"15376618","Rockey","Yellowlees","ryellowlees8s@yellowbook.com","School Management","Active"
"15406975","Bettine","Lorenzetto","blorenzettolb@mail.ru","School Management","Active"
"15464691","Lyell","Jurs","ljursj5@google.com.au","Module Owner","Expired"
"15775487","Wini","Lantaff","wlantaff4l@qq.com","Adhoc","Pending"
"15910261","Adelaida","Kellough","akelloughac@surveymonkey.com","Admin","Disabled"
"15937950","Jerrilee","Grioli","jgrioliov@odnoklassniki.ru","Clerical","Pending"
"16077102","Sher","Livoir","slivoirlk@intel.com","Clerical","Disabled"
"16112049","Archibaldo","Harborow","aharborowde@google.ru","User","Active"
"16190697","Demott","Handrock","dhandrock57@scientificamerican.com","Admin","Disabled"
"16213565","Keslie","Lamberti","klambertic5@zdnet.com","Module Owner","Active"
"16288090","Lucy","Willacot","lwillacot6d@gizmodo.com","School Management","Expired"
"16370147","Jocelin","Claire","jclaireb6@sciencedirect.com","Admin","Pending"
"16545335","Crissie","Trays","ctraysm@ustream.tv","User","Disabled"
"16619039","Dorolice","Goring","dgoringcq@addtoany.com","User","Expired"
"17018294","Ben","Whiskin","bwhiskind7@unblog.fr","Admin","Active"
"17020164","Angelica","Le Frank","alefrank5f@com.com","User","Expired"
"17265835","Damian","Fetherstonhaugh","dfetherstonhaughn4@tiny.cc","User","Disabled"
"17271273","Nettie","Filppetti","nfilppettimj@intel.com","Adhoc","Active"
"17373375","Sherye","Skitral","sskitralke@amazonaws.com","Module Owner","Disabled"
"17460038","Bonnie","Fierro","bfierrom4@dailymail.co.uk","School Management","Disabled"
"17650388","Yehudi","Witnall","ywitnallek@samsung.com","Clerical","Disabled"
"17718905","Anatola","Jiricka","ajiricka1q@studiopress.com","Admin","Expired"
"17833864","Mar","Asson","masson8f@sphinn.com","Admin","Pending"
"17859139","Demetre","Sperski","dsperskikr@cbslocal.com","Clerical","Active"
"17902389","Linette","Lidbetter","llidbetterha@google.ru","School Management","Active"
"17912924","Hy","Bromehead","hbromehead2a@google.ru","Module Owner","Active"
"17975609","Fawnia","Dargavel","fdargavel8r@tinypic.com","Admin","Pending"
"18050101","Corabel","Ferrier","cferrierd4@lulu.com","Clerical","Pending"
"18051936","Mei","Spalls","mspallsfe@webs.com","User","Disabled"
"18094840","Marlie","Harrowing","mharrowing2y@youtu.be","Adhoc","Active"
"18230636","Vanna","Devey","vdevey58@jiathis.com","School Management","Expired"
"18441139","Shellie","Parkyn","sparkyn4k@google.co.jp","User","Active"
"18489036","Coop","Sindall","csindalleo@uiuc.edu","User","Pending"
"18559157","Ursulina","Johnston","ujohnston5q@surveymonkey.com","User","Active"
"18608059","Nestor","Beeken","nbeekenfo@shutterfly.com","Clerical","Disabled"
"18663142","Terrance","De Gregoli","tdegregoliir@mayoclinic.com","User","Active"
"18991422","Kassi","Jeffress","kjeffress6q@theguardian.com","Admin","Expired"
"19047375","Aldon","Summons","asummonsi0@sciencedaily.com","Adhoc","Pending"
"19105307","Vinita","Dy","vdyfn@slashdot.org","User","Pending"
"19132043","Rene","Hanretty","rhanrettyf5@yahoo.co.jp","Module Owner","Pending"
"19192991","Claudianus","Corking","ccorkingp5@uol.com.br","Admin","Expired"
"19425282","Aldon","Brahm","abrahm2u@zdnet.com","School Management","Active"
"19457869","Sigfrid","Surmeyers","ssurmeyersqj@mlb.com","Module Owner","Expired"
"19519569","Sacha","Reckus","sreckuspp@japanpost.jp","Module Owner","Disabled"
"19975362","June","Brownlea","jbrownleani@wiley.com","School Management","Pending"
"20051255","Darell","Northgraves","dnorthgraves19@usgs.gov","Clerical","Active"
"20114274","Lavina","Yarnell","lyarnelle8@yellowbook.com","Adhoc","Expired"
"20124843","Verine","Winham","vwinham9l@pcworld.com","User","Expired"
"20189987","Carlotta","Camel","ccamel2n@comsenz.com","School Management","Expired"
"20267421","Melita","Brindle","mbrindlemc@indiegogo.com","Clerical","Pending"
"20374112","Jephthah","Crate","jcratekv@ameblo.jp","User","Disabled"
"20422756","Amanda","Verrillo","averrilloe0@domainmarket.com","Admin","Disabled"
"20555288","Karia","Caldera","kcaldera8q@google.pl","School Management","Expired"
"20600321","Garret","Itzhayek","gitzhayekmx@scientificamerican.com","Adhoc","Expired"
"20830317","Calvin","Jakubovics","cjakubovics3p@ucoz.ru","User","Expired"
"21093277","Faber","Taggert","ftaggert9b@slate.com","User","Active"
"21248643","Rolph","Getcliff","rgetcliffon@posterous.com","User","Expired"
"21426714","Ladonna","Sogg","lsoggk6@cmu.edu","User","Disabled"
"21652819","Ajay","McCaughran","amccaughrancr@economist.com","School Management","Pending"
"21752901","Iorgos","Woolpert","iwoolpertgu@i2i.jp","School Management","Pending"
"21805769","Alic","Clawe","aclaweh0@zimbio.com","Admin","Expired"
"21823977","Chantalle","Cortese","ccortese8l@ask.com","School Management","Expired"
"22052245","Sherwood","Manneville","smanneville4@skyrock.com","Admin","Active"
"22070446","Tresa","Gaines","tgaines4d@icio.us","School Management","Disabled"
"22118335","Rheba","Maus","rmausij@jiathis.com","School Management","Active"
"22130381","Danell","Kardos-Stowe","dkardosstowef8@stanford.edu","Adhoc","Pending"
"22179831","Winnie","Bednell","wbednell4w@histats.com","School Management","Disabled"
"22338382","Beck","Crosswaite","bcrosswaite24@comsenz.com","School Management","Expired"
"22380114","Ruprecht","Dikels","rdikelsd2@behance.net","Clerical","Active"
"22387535","Kimmy","Kenn","kkenn5z@dedecms.com","User","Disabled"
"22539754","Maddy","Barge","mbargeap@ezinearticles.com","Clerical","Disabled"
"22622413","Fonsie","McLachlan","fmclachlann1@bloglovin.com","Admin","Disabled"
"22667886","Calli","Atwood","catwoodld@microsoft.com","User","Disabled"
"22678899","Roman","Dearnaly","rdearnalyrp@addtoany.com","User","Disabled"
"22781369","Darrin","Donnersberg","ddonnersbergdd@wsj.com","Adhoc","Expired"
"22837130","Pascal","Sheepy","psheepyod@mlb.com","Module Owner","Pending"
"22852403","Netta","Feaveer","nfeaveerju@google.com.au","Adhoc","Pending"
"23178013","Emlynn","Wareing","ewareingnd@sogou.com","Module Owner","Disabled"
"23347951","Hedvige","Denes","hdenesqq@nyu.edu","Module Owner","Active"
"23409555","Dennie","Odlin","dodlinot@marriott.com","School Management","Pending"
"23434681","Karyl","Liston","klistong@omniture.com","Module Owner","Expired"
"23668108","Adriena","Climo","aclimopu@economist.com","Adhoc","Disabled"
"23719496","Claiborn","Wolledge","cwolledge1m@yelp.com","Adhoc","Pending"
"23848297","Cy","Montacute","cmontacute20@macromedia.com","Clerical","Disabled"
"23879352","Scarface","Drewet","sdrewethb@psu.edu","Adhoc","Expired"
"23895738","Barthel","Shugg","bshugg6e@nytimes.com","Module Owner","Expired"
"24054697","Penny","Geroldo","pgeroldo3a@newyorker.com","Clerical","Disabled"
"24204487","Danya","Aubray","daubrayk@tripadvisor.com","User","Active"
"24313206","Wini","Clamp","wclampfp@ning.com","School Management","Pending"
"24333085","Mart","Emmison","memmisonm3@soundcloud.com","Adhoc","Disabled"
"24394625","Coraline","Sare","csare29@webnode.com","School Management","Active"
"24416562","Catherine","Le Teve","cleteveey@apache.org","Module Owner","Expired"
"24419911","Gustave","Crucetti","gcrucetti8x@freewebs.com","Module Owner","Pending"
"24483733","Riley","Montier","rmontier2e@nationalgeographic.com","Admin","Expired"
"24535976","Jonah","Starzaker","jstarzakernt@dot.gov","Admin","Active"
"24664618","Joanie","Vardon","jvardon7b@pcworld.com","School Management","Expired"
"24749743","Dolly","Harbottle","dharbottleeq@shinystat.com","User","Expired"
"24820120","Carlynne","Southorn","csouthorn80@diigo.com","Module Owner","Pending"
"25050793","Liam","Phillcox","lphillcoxnb@baidu.com","Admin","Pending"
"25210136","Larry","Jaze","ljazeos@google.co.uk","Module Owner","Disabled"
"25330655","Brenden","Woofendell","bwoofendellm0@craigslist.org","Admin","Active"
"25591068","Roselin","Goldie","rgoldiehj@pinterest.com","Clerical","Pending"
"25625675","Randy","Stenhouse","rstenhouse89@wsj.com","User","Active"
"25651142","Bobbye","Sange","bsangefd@cloudflare.com","Admin","Expired"
"25671531","Anne-marie","Slowgrove","aslowgroveox@blinklist.com","School Management","Pending"
"25760319","Kendell","Brafield","kbrafieldoz@bravesites.com","Clerical","Pending"
"25762601","Berton","Tregale","btregalei3@mlb.com","User","Active"
"25765436","Gothart","Joris","gjorisk9@usnews.com","User","Pending"
"25770117","Fergus","Keher","fkehern0@globo.com","Admin","Expired"
"25800215","Jenifer","Shreeve","jshreeve44@epa.gov","Module Owner","Disabled"
"26078002","Ax","Karmel","akarmeliq@bigcartel.com","Admin","Disabled"
"26140465","Renaldo","Bridson","rbridsono3@about.me","User","Pending"
"26162008","Malinda","Willoway","mwillowayhq@answers.com","Admin","Disabled"
"26232878","Leonidas","Maple","lmaplef9@mashable.com","Adhoc","Expired"
"26239075","Ferdinand","Harnott","fharnottmt@fc2.com","Module Owner","Pending"
"26250456","Elvyn","Dart","edartbb@addtoany.com","Adhoc","Pending"
"26301222","Eda","Threadgould","ethreadgould64@vistaprint.com","Adhoc","Active"
"26344349","Tessie","Mattussevich","tmattussevichis@1und1.de","User","Active"
"26604736","Lawton","Fibbings","lfibbings7o@ucla.edu","Admin","Active"
"26636643","Reid","Shirrell","rshirrellqx@state.tx.us","Module Owner","Active"
"26663274","Zackariah","Warburton","zwarburtone1@is.gd","School Management","Disabled"
"26736244","Jeffie","Entreis","jentreisnf@dot.gov","Clerical","Expired"
"26752087","Sydney","Sexcey","ssexcey2x@usda.gov","Module Owner","Active"
"26821538","Ethel","Sherborn","esherbornh6@disqus.com","School Management","Active"
"26834972","Dory","Paffitt","dpaffittfw@boston.com","Module Owner","Disabled"
"27115844","Sosanna","de Castelain","sdecastelaind1@shutterfly.com","User","Expired"
"27159093","Bev","Tinline","btinlineg4@virginia.edu","Module Owner","Disabled"
"27274455","Allan","Pristnor","apristnor1h@nationalgeographic.com","Admin","Pending"
"27285916","Aarika","Camings","acamingsr0@usa.gov","Clerical","Active"
"27365536","Sarine","Gowland","sgowland1y@hexun.com","Clerical","Active"
"27375691","Dean","Heasly","dheasly3u@hatena.ne.jp","Adhoc","Active"
"27548551","Abagael","Perrinchief","aperrinchief9v@instagram.com","User","Expired"
"27563718","Andrew","Houseley","ahouseley6v@merriam-webster.com","User","Pending"
"27629392","Gabriel","Choake","gchoaken3@upenn.edu","Module Owner","Pending"
"27741951","Rodger","Ginglell","rginglellbc@usgs.gov","School Management","Active"
"27802352","Waylon","Joust","wjoustfl@constantcontact.com","Clerical","Disabled"
"27812254","Viki","Steward","vstewarde6@harvard.edu","User","Active"
"27835971","Sergeant","Fullick","sfullickbz@gov.uk","School Management","Expired"
"27839514","Teddie","Marke","tmarke2s@independent.co.uk","Module Owner","Active"
"27898397","Stefan","Boyford","sboyfordow@addthis.com","Adhoc","Disabled"
"27984404","Marji","Cawkwell","mcawkwell7r@youku.com","Clerical","Expired"
"28039913","Teddy","Whawell","twhawell22@youtube.com","School Management","Active"
"28076939","Tamar","Pedersen","tpedersengf@house.gov","Adhoc","Disabled"
"28125466","Ignatius","Malden","imaldenmh@mysql.com","Clerical","Disabled"
"28213881","Frankie","Lorentzen","florentzenl8@diigo.com","Module Owner","Disabled"
"28377982","Con","Miranda","cmirandakn@last.fm","Adhoc","Pending"
"28983733","Cecile","Janoch","cjanochc6@google.cn","Admin","Pending"
"29023386","Arda","Falconer-Taylor","afalconertaylor21@sogou.com","Admin","Active"
"29027737","Olga","Seman","oseman9g@ihg.com","School Management","Pending"
"29179663","Emma","Filipowicz","efilipowiczbk@360.cn","Admin","Expired"
"29247232","Ernestine","Trinder","etrinder26@google.nl","Clerical","Active"
"29314516","Hana","Dupre","hduprean@nymag.com","Admin","Disabled"
"29346365","Giselbert","Scard","gscard4n@google.com.hk","Clerical","Pending"
"29439550","Bird","Crush","bcrushng@typepad.com","User","Active"
"29454288","Tomaso","Glazebrook","tglazebrookoi@forbes.com","Module Owner","Active"
"29643805","Arleta","Treadaway","atreadaway9@slideshare.net","Clerical","Disabled"
"29874045","Kalie","Gorgen","kgorgen6z@wired.com","Module Owner","Active"
"29931783","Sheffield","Ebbrell","sebbrell40@reuters.com","Module Owner","Pending"
"30014520","Wendeline","Hymers","whymersew@dell.com","User","Active"
"30173417","Chery","Dilnot","cdilnothl@nhs.uk","Admin","Expired"
"30566184","Rickey","Roscher","rroscherj3@hexun.com","User","Disabled"
"30611971","Herta","Wint","hwint7u@house.gov","Clerical","Disabled"
"30643651","Chic","Bonnette","cbonnetteqt@netscape.com","User","Active"
"30693184","Hamel","Fairfull","hfairfulla@fotki.com","Admin","Active"
"30768428","Fredericka","Ecles","feclesdv@ucoz.com","School Management","Expired"
"30827585","Roby","Duling","rdulingmo@comcast.net","Module Owner","Pending"
"30840297","Karie","Caroll","kcarolljq@yahoo.co.jp","Clerical","Pending"
"30905627","Zoe","Fieller","zfiellernm@japanpost.jp","Admin","Disabled"
"30969685","Jacklyn","Rasch","jraschnl@google.fr","School Management","Expired"
"30976229","Alphonso","Lodemann","alodemannak@clickbank.net","Admin","Pending"
"31012792","Violet","Moorhead","vmoorhead3j@microsoft.com","Admin","Active"
"31051457","Maximo","Mariotte","mmariotte46@ca.gov","Adhoc","Disabled"
"31122370","Martita","McKee","mmckeed6@indiatimes.com","Admin","Active"
"31141714","Jess","Cutting","jcuttingou@tinyurl.com","User","Pending"
"31164762","Fletch","Follis","ffollisjv@moonfruit.com","Clerical","Pending"
"31208595","Coriss","Lindeberg","clindebergct@devhub.com","Module Owner","Pending"
"31232571","Lira","Rodrigues","lrodrigues1t@ucla.edu","Clerical","Expired"
"31280646","Eugine","Jeandot","ejeandot2z@kickstarter.com","Adhoc","Active"
"31348706","Amandie","Esbrook","aesbrookr9@go.com","Admin","Disabled"
"31358505","Nari","Bosley","nbosleybu@baidu.com","School Management","Pending"
"31422743","Farris","Kruse","fkruse78@studiopress.com","Module Owner","Pending"
"31557970","Bing","Giraths","bgirathsc0@dyndns.org","School Management","Disabled"
"31736571","Denny","Canon","dcanon6b@vinaora.com","Clerical","Pending"
"31824572","Roddy","Drynan","rdrynanqy@myspace.com","User","Pending"
"31930807","Jobyna","Duprey","jduprey39@list-manage.com","User","Expired"
"32003160","Lucila","Tertre","ltertrehd@digg.com","Clerical","Disabled"
"32138461","Petronille","Lakin","plakin5y@parallels.com","Clerical","Disabled"
"32163663","Mendie","Mays","mmaysjd@hostgator.com","Adhoc","Active"
"32179580","Brennan","Spurr","bspurrlq@youtu.be","School Management","Disabled"
"32386018","Nertie","Grieves","ngrieveskp@java.com","Admin","Pending"
"32393889","Lorri","McSaul","lmcsauljh@newyorker.com","Clerical","Disabled"
"32416576","Martita","Marklow","mmarklowna@addtoany.com","School Management","Pending"
"32463823","Gabby","Drohan","gdrohanhi@sogou.com","User","Expired"
"32495375","Merrili","Fone","mfoneop@mozilla.com","School Management","Pending"
"32581869","Wenona","Bentham","wbenthamof@thetimes.co.uk","Adhoc","Pending"
"32634056","Kessiah","Rossiter","krossiter13@china.com.cn","School Management","Active"
"32642653","Valerye","Davidsohn","vdavidsohnk1@uiuc.edu","Admin","Expired"
"32682632","Abbey","Cullip","acullipt@statcounter.com","User","Active"
"32811597","Thelma","Senechell","tsenechelld9@wiley.com","Module Owner","Pending"
"32896960","Ruthi","Witt","rwittfb@flickr.com","Admin","Pending"
"32967866","Alyda","Willcocks","awillcocksai@newyorker.com","Adhoc","Disabled"
"33008201","Cam","Bertomeu","cbertomeu9j@reuters.com","Module Owner","Expired"
"33086601","Travis","Kent","tkentnw@vistaprint.com","Module Owner","Active"
"33099836","Anthia","Hargate","ahargatei9@tamu.edu","User","Expired"
"33146759","Darnall","Beaument","dbeaument1@histats.com","Admin","Pending"
"33157007","Hendrik","Petel","hpetelbo@elpais.com","Adhoc","Expired"
"33335737","Gris","Espinet","gespinetqr@hao123.com","School Management","Expired"
"33385700","Georgy","Lamey","glameyn9@tmall.com","Clerical","Disabled"
"33415400","Rhea","Gosforth","rgosforthi5@geocities.com","Adhoc","Active"
"33525924","Gasparo","Lindro","glindro4p@google.com.hk","Module Owner","Active"
"33898226","Maddie","Sedwick","msedwickmn@sun.com","User","Pending"
"33908795","Wally","Khoter","wkhoterci@nhs.uk","School Management","Active"
"34007648","Reece","Ovey","roveyoq@xinhuanet.com","School Management","Disabled"
"34066328","Teodor","Swaysland","tswayslandal@youku.com","User","Disabled"
"34127897","Agnesse","Pinckney","apinckneycg@cloudflare.com","School Management","Disabled"
"34185957","Goldy","Parken","gparkenns@4shared.com","User","Pending"
"34217987","Wilhelmine","Igglesden","wigglesdenel@fastcompany.com","User","Pending"
"34333141","Hermy","Glanester","hglanester2c@mapy.cz","Module Owner","Expired"
"34424233","Lyn","Sommerly","lsommerlycn@spiegel.de","Adhoc","Expired"
"34585005","Ashleigh","Haysom","ahaysomnc@oaic.gov.au","Clerical","Expired"
"34730915","Herbert","Shout","hshout45@techcrunch.com","School Management","Expired"
"34827670","Carlene","O'Sherrin","cosherring6@amazon.co.jp","Adhoc","Pending"
"34959580","Hugo","Costell","hcostellhr@japanpost.jp","Module Owner","Expired"
"35059722","Isa","Pfeifer","ipfeiferg1@springer.com","Admin","Active"
"35155870","Ari","Clemanceau","aclemanceaues@ucoz.ru","Adhoc","Expired"
"35290773","Margy","Denney","mdenneyrf@ning.com","User","Pending"
"35375775","Lanie","Lermouth","llermouthk2@bloglovin.com","Clerical","Disabled"
"35381652","Esta","Wayvill","ewayvilljk@businesswire.com","Clerical","Expired"
"35578025","Raynor","Pannaman","rpannaman83@bloglovin.com","User","Disabled"
"35719423","Silvano","Rodenhurst","srodenhurstob@themeforest.net","Admin","Pending"
"35818440","Eva","Sodory","esodory7l@friendfeed.com","Module Owner","Active"
"35924213","Clayton","Benini","cbenini60@sciencedaily.com","Clerical","Active"
"35935102","Zarah","Jenking","zjenking8y@deliciousdays.com","School Management","Active"
"36075528","Sayre","Heber","sheberx@si.edu","Module Owner","Expired"
"36348913","Sascha","Coulthard","scoulthardff@google.it","Admin","Active"
"36493521","Verine","Nix","vnixhm@cloudflare.com","Clerical","Active"
"36494068","Josey","McConachie","jmcconachiell@wikia.com","School Management","Expired"
"36513169","Celinka","Monery","cmonerydb@msn.com","Clerical","Expired"
"36519879","Marley","Crehan","mcrehankt@jiathis.com","Module Owner","Pending"
"36531510","Karlens","Haile","khailero@fotki.com","User","Expired"
"36680542","Amabel","Wickendon","awickendon5u@simplemachines.org","Clerical","Disabled"
"36697706","Lucienne","Melbourn","lmelbournl2@goodreads.com","Adhoc","Disabled"
"36724182","Eugenie","Merida","emeridale@instagram.com","Module Owner","Active"
"36848309","Zachary","Ridder","zridderm1@comcast.net","Admin","Disabled"
"36991267","Nicholas","Blethyn","nblethynep@java.com","Clerical","Pending"
"37022679","Merry","Brannan","mbrannan6x@virginia.edu","Admin","Expired"
"37145678","Ravid","Gurg","rgurg3h@marketwatch.com","User","Pending"
"37290795","Arabelle","Ondrus","aondrusco@rediff.com","Adhoc","Pending"
"37292149","Davide","Doblin","ddoblin2@bloomberg.com","Admin","Active"
"37458775","Tobe","Tams","ttams8p@dagondesign.com","School Management","Expired"
"37534403","Skippie","Chittie","schittiear@sohu.com","Admin","Expired"
"37630343","Gwenora","Dealy","gdealy4q@imageshack.us","Clerical","Expired"
"37708999","Hewitt","Ledley","hledleycd@blogs.com","Module Owner","Active"
"37916189","Lonni","Smalridge","lsmalridge8i@washington.edu","Adhoc","Disabled"
"37929915","Errick","Karczinski","ekarczinski2h@ycombinator.com","School Management","Active"
"37945744","Conrado","Swatman","cswatmanpf@addthis.com","Adhoc","Disabled"
"38023334","Jessica","Armsden","jarmsdenaq@whitehouse.gov","User","Active"
"38109536","Arluene","Penman","apenman90@shutterfly.com","User","Active"
"38139895","Gabriello","Whitty","gwhitty1o@samsung.com","User","Disabled"
"38195080","Lay","Zorzoni","lzorzoni2r@live.com","Adhoc","Active"
"38267268","Reinwald","Petru","rpetru54@census.gov","Clerical","Active"
"38320047","Wendie","Chevolleau","wchevolleaugr@nhs.uk","Module Owner","Pending"
"38386227","Kalil","Piddle","kpiddleaz@bbc.co.uk","Clerical","Pending"
"38512711","Cherie","Fermer","cfermer5s@liveinternet.ru","Admin","Disabled"
"38564838","Knox","Iacovolo","kiacovolo47@disqus.com","User","Disabled"
"38688763","Sherlocke","Pock","spockgd@gnu.org","Adhoc","Expired"
"38970644","Sharron","Kitcatt","skitcattjc@comsenz.com","User","Pending"
"39038050","Ariel","Northall","anorthallhe@issuu.com","Admin","Expired"
"39069750","Jourdan","Addinall","jaddinall7k@mapy.cz","User","Active"
"39143362","Jill","Poltone","jpoltoneda@altervista.org","User","Active"
"39248792","Celia","Lepoidevin","clepoidevin5x@discovery.com","Admin","Pending"
"39289917","Porter","Danet","pdaneths@vistaprint.com","Admin","Disabled"
"39346706","Celie","Burnett","cburnetts@eepurl.com","Clerical","Disabled"
"39446736","Gauthier","Nattrass","gnattrasso8@columbia.edu","School Management","Active"
"39588405","Sancho","Fullard","sfullardnk@macromedia.com","Admin","Expired"
"39682747","Kele","Chatto","kchatto2l@free.fr","Module Owner","Expired"
"39783558","Helene","Titheridge","htitheridgeik@eventbrite.com","Clerical","Active"
"39929240","Jennie","Crossfeld","jcrossfeldj9@hc360.com","Clerical","Disabled"
"40010252","Dennis","Haggata","dhaggatabx@independent.co.uk","Clerical","Active"
"40140897","Kev","Hazell","khazell67@drupal.org","Adhoc","Pending"
"40231964","Justina","Nare","jnaredw@nsw.gov.au","Admin","Expired"
"40242376","Glenn","Marshall-Adams","glenn.marshalladams@icloud.com","Admin","Active"
"40418042","Herminia","Olivazzi","holivazzilf@pagesperso-orange.fr","School Management","Pending"
"40699112","Kathleen","Goulborne","kgoulbornee@sbwire.com","User","Disabled"
"40841582","Sauveur","Debrett","sdebrettp8@omniture.com","Admin","Pending"
"41194510","Natty","Fulun","nfulun2d@1688.com","User","Active"
"41204041","Britta","Moston","bmoston7d@nih.gov","User","Expired"
"41280516","Shandra","Wyldes","swyldes7g@yelp.com","Module Owner","Pending"
"41336912","Sephira","Balentyne","sbalentyne93@si.edu","Clerical","Pending"
"41389376","Neysa","Talloe","ntalloel0@livejournal.com","School Management","Disabled"
"41503576","Garvy","West","gwestf0@squarespace.com","Clerical","Expired"
"41719949","Karlis","Cuel","kcuelfh@tripod.com","Module Owner","Active"
"41979823","Nicolette","Cronkshaw","ncronkshaw2o@bloglines.com","User","Pending"
"41986232","Barbi","Skiggs","bskiggs95@wisc.edu","Module Owner","Pending"
"41997729","Berny","Edwicke","bedwickeo1@alibaba.com","User","Pending"
"42029790","Kessia","Thurby","kthurby8a@tiny.cc","User","Expired"
"42058469","Kaycee","Taunton","ktauntonpo@symantec.com","User","Disabled"
"42062359","Erma","Mushawe","emushawe1d@army.mil","Admin","Disabled"
"42150538","Wenonah","Ricardon","wricardona4@xing.com","Admin","Disabled"
"42272927","Brynne","Haxell","bhaxellhu@examiner.com","Adhoc","Pending"
"42309308","Anallise","Kowalik","akowalikbf@skyrock.com","User","Expired"
"42417858","Eal","Lambdin","elambdinjl@godaddy.com","Adhoc","Pending"
"42473228","Frankie","Redgate","fredgatez@theglobeandmail.com","School Management","Expired"
"42590909","Aluin","Kidsley","akidsleykj@sakura.ne.jp","Adhoc","Disabled"
"42614079","Adam","Chern","achern7j@wikipedia.org","Clerical","Active"
"42666583","Rianon","Zorener","rzorenerh7@gmpg.org","Module Owner","Expired"
"42693331","Roseanna","Rawson","rrawsonp7@mapy.cz","User","Active"
"42735253","Emalee","Davidou","edavidouri@google.fr","Clerical","Pending"
"42916313","Edan","Eacle","eeacle6@prlog.org","School Management","Pending"
"43091684","Arnuad","Fernier","aferniern6@unicef.org","Adhoc","Expired"
"43289146","Kizzee","Hubner","khubneroa@ft.com","Admin","Expired"
"43326577","Mattie","Najara","mnajarapm@nps.gov","Module Owner","Pending"
"43393532","Corny","Gabbat","cgabbatqi@fema.gov","Admin","Expired"
"43439887","Adora","Bowmen","abowmenlv@nps.gov","User","Expired"
"43925315","Reynard","Averill","raverilli4@noaa.gov","Clerical","Active"
"44005657","Farra","Conneely","fconneely3o@fema.gov","Clerical","Pending"
"44182602","Carlyn","O'Dunneen","codunneenia@booking.com","User","Active"
"44194535","Ashley","Winfrey","awinfrey2v@comsenz.com","Adhoc","Pending"
"44195462","Royal","Allder","rallder7i@icio.us","Clerical","Expired"
"44366701","Percy","Odam","podamky@tumblr.com","Module Owner","Expired"
"44432054","Emilie","Shearer","eshearer6y@wufoo.com","Clerical","Disabled"
"44433081","Dulcea","Leavens","dleavens6l@latimes.com","School Management","Disabled"
"44517710","Johnathon","Drohane","jdrohaneid@springer.com","Adhoc","Pending"
"44653379","Alic","Becken","abecken77@cdc.gov","Admin","Expired"
"44812327","Edithe","Dowse","edowsegs@linkedin.com","Admin","Disabled"
"44927153","Britteny","Splevins","bsplevinscm@quantcast.com","Adhoc","Disabled"
"44927422","Bryce","Seacombe","bseacombe4h@yolasite.com","School Management","Expired"
"44972682","Nonah","Shirer","nshirer5p@diigo.com","Clerical","Active"
"45213686","Noell","Raybould","nraybould3m@pagesperso-orange.fr","Clerical","Expired"
"45474894","Orelee","Chasmer","ochasmerme@icq.com","Clerical","Disabled"
"45581158","Drucill","Sallenger","dsallenger38@washingtonpost.com","Module Owner","Disabled"
"45631402","Rhetta","McDonogh","rmcdonogh4y@cbc.ca","Admin","Expired"
"45907335","Maryellen","Grant","mgrantqp@bluehost.com","Adhoc","Disabled"
"45927945","Diahann","Scopes","dscopes8e@intel.com","Adhoc","Active"
"46034393","Dasie","Adne","dadne37@e-recht24.de","Admin","Pending"
"46035121","Ilario","Grestie","igrestieeh@bloglovin.com","School Management","Active"
"46042628","Barth","Colkett","bcolkettqg@fc2.com","User","Expired"
"46136544","Coletta","Portinari","cportinari8w@nifty.com","Admin","Pending"
"46177802","Suzie","Claremont","sclaremont5j@sphinn.com","School Management","Active"
"46214403","Ester","Kaveney","ekaveney53@nifty.com","School Management","Pending"
"46234601","Tatum","Windibank","twindibank8m@auda.org.au","Module Owner","Pending"
"46342449","Willey","Attoc","wattoc50@elegantthemes.com","Clerical","Disabled"
"46348987","Traver","Mcwhinnie","tmcwhinnieii@ovh.net","Adhoc","Active"
"46431694","Eryn","Lamcken","elamcken9r@springer.com","Module Owner","Expired"
"46699826","Clayson","Oguz","coguzdg@blogs.com","Clerical","Expired"
"46709137","Pam","Bruckstein","pbrucksteinpv@timesonline.co.uk","Admin","Active"
"46794209","Patricia","Gaylard","pgaylardb@geocities.com","Module Owner","Expired"
"46906879","Walden","Heavens","wheavens4c@sina.com.cn","User","Active"
"46931040","Levy","Sackler","lsacklerg5@opensource.org","Clerical","Pending"
"46982452","Gale","Worrill","gworrillja@adobe.com","Clerical","Pending"
"47257963","Kimberly","Cosens","kcosens7c@cloudflare.com","Clerical","Pending"
"47361183","Rikki","Carlet","rcarletf2@army.mil","School Management","Expired"
"47396401","Almeda","Lyall","alyallrl@homestead.com","Admin","Active"
"47537465","Darby","Callender","dcallender2b@discuz.net","Adhoc","Active"
"47595301","Nollie","Budgeon","nbudgeonbh@devhub.com","School Management","Disabled"
"47622591","Arne","Legion","alegion71@nps.gov","School Management","Disabled"
"47628295","Ania","Scriver","ascriver6o@ftc.gov","Module Owner","Expired"
"47644058","Merrili","Saban","msabann@sakura.ne.jp","Module Owner","Active"
"47683357","Zarah","Fulleylove","zfulleyloveoo@kickstarter.com","Adhoc","Expired"
"47695593","Javier","Neiland","jneiland6c@redcross.org","Admin","Disabled"
"47755202","Amabelle","Mugridge","amugridge30@yahoo.com","School Management","Expired"
"47795673","Jourdan","Inch","jinch4s@ed.gov","Module Owner","Pending"
"47871817","Kendrick","Pieche","kpiechep1@google.de","Admin","Pending"
"47910597","Kenton","Sharrier","ksharrierga@mozilla.org","Clerical","Active"
"47931969","Salomon","Standring","sstandringly@issuu.com","Module Owner","Expired"
"47969359","Katerina","Kalker","kkalker7n@webnode.com","School Management","Pending"
"47983599","Reggie","Turnell","rturnellh1@cbsnews.com","Admin","Disabled"
"47984995","Niall","Tortoishell","ntortoishellip@zdnet.com","Admin","Pending"
"48028125","Genia","Cagan","gcagan48@comsenz.com","Clerical","Pending"
"48160558","Carola","Humfrey","chumfreya5@craigslist.org","User","Disabled"
"48166804","Sadie","Bloxsum","sbloxsumas@opera.com","Admin","Disabled"
"48257058","Crawford","Bendix","cbendix6p@toplist.cz","Adhoc","Active"
"48314553","Winna","Nunn","wnunnpi@a8.net","Clerical","Expired"
"48442365","Jordon","Light","jlightkq@google.ru","Admin","Expired"
"48529866","Moselle","Sagerson","msagerson3z@4shared.com","Admin","Active"
"48562189","Shannon","Balaison","sbalaisonbn@skyrock.com","Module Owner","Pending"
"48600125","Anneliese","Cholerton","acholertonet@sbwire.com","Module Owner","Disabled"
"48633416","Skye","Copello","scopello3l@topsy.com","Adhoc","Active"
"48729953","Grover","Wellum","gwellump0@domainmarket.com","Clerical","Expired"
"48766761","Afton","Cavanaugh","acavanaughev@berkeley.edu","User","Active"
"48954739","Benton","Nelmes","bnelmesj@themeforest.net","Adhoc","Disabled"
"49051710","Tess","Coram","tcoram1a@studiopress.com","User","Disabled"
"49081745","Read","Vlasin","rvlasino2@wsj.com","Adhoc","Expired"
"49113829","Karon","Heikkinen","kheikkinenc@gmpg.org","Clerical","Pending"
"49312812","Devlen","Stedell","dstedell3t@weebly.com","School Management","Disabled"
"49606691","Brendis","Pine","bpinenx@shinystat.com","School Management","Active"
"49829128","Dorey","Olivera","dolivera3i@cocolog-nifty.com","Clerical","Pending"
"49850570","Flor","Bradfield","fbradfieldrm@unicef.org","School Management","Active"
"49966246","Tracie","Treby","ttreby5k@engadget.com","School Management","Expired"
"49995538","Orland","Yurenin","oyurenin81@jigsy.com","Clerical","Pending"
"50067586","Angelle","Janak","ajanak9a@ow.ly","Clerical","Pending"
"50269930","Rex","Draxford","rdraxfordr5@google.nl","School Management","Active"
"50413876","Zebulon","Detloff","zdetlofflz@usa.gov","Admin","Pending"
"50492323","Cyril","Buller","cbuller4j@kickstarter.com","Clerical","Disabled"
"50646766","Ganny","Kopisch","gkopischb5@google.nl","Clerical","Expired"
"50755096","Hallie","Bowmaker","hbowmakerql@weebly.com","Clerical","Pending"
"50818080","Heinrik","Jost","hjostrj@ca.gov","Adhoc","Pending"
"50906791","Julianna","Ure","jure4b@addtoany.com","Clerical","Expired"
"50933595","Emilie","Buzza","ebuzzaie@histats.com","Adhoc","Disabled"
"51000631","Tina","Sinney","tsinney9h@dell.com","Adhoc","Expired"
"51029338","Winny","Degnen","wdegnen66@jalbum.net","Admin","Active"
"51150309","Gilli","Stansbie","gstansbiegv@e-recht24.de","User","Expired"
"51321208","Liuka","Yashnov","lyashnove9@state.gov","Module Owner","Disabled"
"51343068","Letizia","Coppins","lcoppinsqh@about.me","Adhoc","Disabled"
"51451353","Mendy","McKiddin","mmckiddinjy@google.nl","Adhoc","Active"
"51472427","Vin","Fenny","vfenny1x@ucoz.ru","Clerical","Expired"
"51585694","Rora","Roswarne","rroswarnegi@simplemachines.org","Adhoc","Active"
"51781810","Maury","Whenman","mwhenmanad@chicagotribune.com","User","Disabled"
"51820721","Derry","Maylour","dmaylourmf@craigslist.org","User","Active"
"51933847","Christophe","Yearby","cyearby9k@multiply.com","Adhoc","Expired"
"52031192","Liva","Rubberts","lrubbertsib@washingtonpost.com","Clerical","Pending"
"52059915","Gustavo","Dreng","gdrengmm@cnet.com","School Management","Active"
"52121438","Maighdiln","Cheeld","mcheeld6f@nhs.uk","User","Expired"
"52232971","Barbette","Purnell","bpurnellav@fastcompany.com","Module Owner","Active"
"52389175","Noll","Rowell","nrowellqe@yandex.ru","User","Pending"
"52419353","Pammi","Dooher","pdooher3w@ehow.com","Module Owner","Active"
"52510680","Josselyn","Bollins","jbollins2m@bandcamp.com","User","Pending"
"52557404","Bartholomeo","Leith","bleithjj@oakley.com","School Management","Active"
"52580342","Antonina","Leathes","aleathes6j@redcross.org","User","Expired"
"53326844","Darbie","Dailey","ddaileyl9@sun.com","Clerical","Disabled"
"53392788","Dasi","Woltering","dwoltering4t@forbes.com","Module Owner","Pending"
"53448535","Heinrick","Ascough","hascoughgc@oracle.com","User","Pending"
"53653288","Cully","Jessup","cjessupnr@weebly.com","Admin","Expired"
"53903495","Bernadine","Dawton","bdawton8c@histats.com","User","Expired"
"53980706","Angus","Worden","awordencf@hud.gov","User","Active"
"54023450","Rory","Dudley","rdudley7v@slideshare.net","School Management","Expired"
"54127885","Val","Losty","vlostyfv@devhub.com","User","Disabled"
"54175431","Deborah","Linsley","dlinsleygy@goo.ne.jp","Module Owner","Active"
"54392473","Joannes","Bernardez","jbernardezj7@kickstarter.com","User","Active"
"54439499","Shadow","Harkess","sharkessqb@skyrock.com","Clerical","Expired"
"54469019","Deloria","Izzat","dizzat9o@jigsy.com","User","Active"
"54584920","Lynsey","McElwee","lmcelweeks@imageshack.us","Adhoc","Disabled"
"54669430","Franni","Pusill","fpusillq1@devhub.com","User","Disabled"
"54690287","Joletta","Highway","jhighwaybi@php.net","Admin","Pending"
"54737567","Alexei","Challoner","achallonerjp@patch.com","Clerical","Disabled"
"54750615","Thorndike","Fursse","tfurssemp@independent.co.uk","Adhoc","Pending"
"54793839","Timmie","Huckleby","thuckleby5v@europa.eu","Admin","Disabled"
"54872711","Abbott","Seegar","aseegardq@vkontakte.ru","User","Disabled"
"54896812","Linc","Sadry","lsadry6a@cocolog-nifty.com","School Management","Pending"
"54901470","Rudolph","Domenichelli","rdomenichellic7@unicef.org","School Management","Active"
"54950197","Consuela","Nary","cnaryqd@cloudflare.com","Admin","Pending"
"55053201","Bartram","Anderson","banderson9n@meetup.com","User","Expired"
"55169699","Giovanna","Lante","glanteif@webeden.co.uk","Clerical","Pending"
"55176831","Erich","Morrallee","emorralleeoy@dmoz.org","Module Owner","Expired"
"55178399","Maddalena","Terzi","mterziho@storify.com","Clerical","Disabled"
"55212435","Rudy","Haddow","rhaddow9s@wsj.com","Admin","Expired"
"55331405","Charo","Ringrose","cringrose1u@dell.com","Admin","Disabled"
"55410027","Lissy","Pleven","lpleven5a@chron.com","School Management","Expired"
"55471319","Halimeda","McGiven","hmcgiven5d@joomla.org","Clerical","Disabled"
"55525905","Humfrey","Friatt","hfriattnu@cnet.com","School Management","Active"
"55567290","Horatio","Baly","hbaly1z@unblog.fr","Module Owner","Disabled"
"55661035","Nanice","Yakunchikov","nyakunchikovkk@digg.com","Module Owner","Pending"
"55719645","Giana","Trayton","gtraytonfa@typepad.com","Module Owner","Disabled"
"55791527","Rosemarie","Fisbey","rfisbeya6@wisc.edu","Adhoc","Pending"
"55823440","Robinett","Kullmann","rkullmannil@salon.com","Admin","Expired"
"56167543","Fairleigh","Vern","fverniu@canalblog.com","Module Owner","Disabled"
"56199285","Frances","Engeham","fengeham96@businesswire.com","Module Owner","Pending"
"56210324","Kimberli","Castree","kcastreepa@si.edu","Module Owner","Expired"
"56253209","Krystal","Hansen","khansenjm@wordpress.com","Module Owner","Pending"
"56302058","Gustave","Shark","gsharkit@admin.ch","School Management","Active"
"56373200","Beatrix","Kilgour","bkilgourix@mashable.com","Clerical","Active"
"56430501","Cathyleen","Gullick","cgullickez@constantcontact.com","Admin","Active"
"56526761","Alvie","Harsnep","aharsneplh@hugedomains.com","School Management","Active"
"56529991","Vickie","Bleasdille","vbleasdilleei@adobe.com","School Management","Disabled"
"56583718","Belvia","Robinett","brobinettms@vk.com","Adhoc","Active"
"56675518","Celestyn","Saintpierre","csaintpierrec8@facebook.com","Admin","Pending"
"56700443","Waylen","Boyce","wboycel6@infoseek.co.jp","Admin","Pending"
"56759052","Pablo","Marcussen","pmarcussen4z@si.edu","Adhoc","Expired"
"56905994","Mandy","Delucia","mdeluciaec@mapquest.com","School Management","Disabled"
"56946521","Zacharia","Mullarkey","zmullarkeyge@hexun.com","Module Owner","Pending"
"57019550","Cassandre","Empleton","cempletoni2@bbc.co.uk","Adhoc","Expired"
"57087197","Leah","Pughe","lpugheol@usa.gov","User","Active"
"57192794","Hildegaard","Haliburton","hhaliburton6u@economist.com","Adhoc","Active"
"57207398","Bellanca","Kinzett","bkinzettlp@fc2.com","Clerical","Expired"
"57208364","Bella","Tolossi","btolossi25@ft.com","Clerical","Expired"
"57254822","Damaris","Patkin","dpatkinpe@ibm.com","Admin","Active"
"57282595","Abran","Deluze","adeluzer8@lycos.com","Clerical","Disabled"
"57410873","Brittne","Aggott","baggottbw@nasa.gov","Clerical","Disabled"
"57689749","Juliette","Fishlock","jfishlockm6@comcast.net","Module Owner","Expired"
"57690518","Ambrose","Millmore","amillmore63@ezinearticles.com","School Management","Active"
"57762585","Roger","Haylor","rhaylorqf@seesaa.net","School Management","Active"
"57795319","Nonnah","Casaccio","ncasaccio88@mediafire.com","Module Owner","Disabled"
"58094994","Meredithe","Kellough","mkelloughdt@1688.com","School Management","Active"
"58155267","Zondra","Happel","zhappel3y@smh.com.au","School Management","Expired"
"58225142","Filmore","Spellessy","fspellessy0@google.pl","School Management","Pending"
"58232696","Laverne","Fudge","lfudge86@archive.org","User","Active"
"58461765","Randal","Fradgley","rfradgleyfr@yelp.com","Admin","Pending"
"58477127","Linette","Alflatt","lalflattrc@uol.com.br","School Management","Pending"
"58547186","Alecia","Torrie","atorrie61@twitter.com","Module Owner","Expired"
"58610925","Mordecai","Smorthit","msmorthita3@digg.com","Module Owner","Disabled"
"58836834","Bibbye","Cardillo","bcardillod5@naver.com","Clerical","Disabled"
"58904561","Jo","Lummis","jlummis1r@youtu.be","Adhoc","Disabled"
"59013102","Gabriellia","Knill","gknill6s@slashdot.org","Admin","Expired"
"59018233","Bart","Kilgallen","bkilgallenim@wired.com","Clerical","Disabled"
"59080455","Cordy","Eversfield","ceversfieldhf@unblog.fr","Adhoc","Active"
"59234275","Misty","Benasik","mbenasik6m@intel.com","Module Owner","Expired"
"59472269","Truda","Sonschein","tsonschein9p@yellowbook.com","User","Pending"
"59577626","Evvy","Basketter","ebasketterc1@shareasale.com","User","Pending"
"59582838","Armand","Wibrew","awibrewpl@istockphoto.com","User","Disabled"
"59613575","Roxine","O'Fergus","rofergus4r@issuu.com","Adhoc","Active"
"59618659","Oona","Heinonen","oheinonenl7@wunderground.com","Adhoc","Disabled"
"59725861","Alaine","Doram","adoramhh@foxnews.com","School Management","Expired"
"59740470","Florella","Seel","fseel68@oaic.gov.au","School Management","Expired"
"59877444","Zared","Olenchikov","zolenchikov12@goo.gl","Module Owner","Expired"
"60057550","Jerome","Speirs","jspeirse5@barnesandnoble.com","School Management","Expired"
"60090119","Drusilla","Craghead","dcraghead8d@va.gov","Admin","Disabled"
"60102709","Ulysses","Vaszoly","uvaszolyhc@tripadvisor.com","Clerical","Disabled"
"60138415","Bertrand","Brundale","bbrundaleee@taobao.com","Module Owner","Expired"
"60252118","Fran","Bister","fbisterft@woothemes.com","Clerical","Expired"
"60334717","Robena","Paskerful","rpaskerfulf7@nature.com","Admin","Disabled"
"60558370","Peirce","Savege","psavegev@macromedia.com","Clerical","Disabled"
"60779845","Esmaria","Mebs","emebsr3@ted.com","Clerical","Active"
"60862404","Rana","Spadelli","rspadelli9m@wp.com","School Management","Active"
"61049941","Gianina","MacKeague","gmackeagued0@usgs.gov","Module Owner","Pending"
"61077047","Cathie","Deniso","cdenisoiw@storify.com","User","Expired"
"61091257","Rosana","Measen","rmeasen23@gizmodo.com","Clerical","Pending"
"61271037","Aguistin","Rowson","arowsondx@nationalgeographic.com","Clerical","Active"
"61359441","Almeda","Fullard","afullardq@abc.net.au","Clerical","Expired"
"61626276","Durand","Screas","dscreasch@archive.org","Clerical","Pending"
"61752836","Wilow","Wiltshaw","wwiltshaw1p@twitpic.com","Adhoc","Active"
"61753743","Ernst","Lamers","elamers3d@amazon.co.uk","Adhoc","Pending"
"61765589","Lewes","MacFaell","lmacfaellb8@icio.us","School Management","Disabled"
"61765861","Theodosia","Melia","tmelia1b@answers.com","User","Active"
"61885704","Levon","Radki","lradki3f@opera.com","School Management","Disabled"
"62070903","Almeria","Duigenan","aduigenang8@cam.ac.uk","Adhoc","Active"
"62136869","Neille","Finey","nfineyck@nature.com","School Management","Disabled"
"62200659","Hercules","Gemmell","hgemmellf3@craigslist.org","Module Owner","Pending"
"62210452","Chantalle","Ivain","civainat@home.pl","Admin","Expired"
"62237291","Melesa","Cattermull","mcattermullfs@photobucket.com","Clerical","Disabled"
"62244659","Billi","Cradoc","bcradoc1f@blogtalkradio.com","Module Owner","Disabled"
"62395064","Lana","Gerrelts","lgerreltslo@census.gov","Admin","Expired"
"62408414","Dore","Petrenko","dpetrenkomi@princeton.edu","Admin","Pending"
"62553722","Stewart","Canon","scanonbq@paginegialle.it","Admin","Expired"
"62722059","Helen-elizabeth","Pullin","hpullinl3@zdnet.com","Admin","Expired"
"62734669","Arlene","Hasney","ahasney7f@engadget.com","Clerical","Expired"
"62830569","Meara","Eyckel","meyckelkx@elegantthemes.com","School Management","Disabled"
"62885351","Yelena","Orr","yorrb7@cbc.ca","User","Pending"
"62926115","Esther","O'Shea","eosheaa8@newsvine.com","Admin","Active"
"62940273","Joe","Seacombe","jseacombef6@buzzfeed.com","Admin","Active"
"63321589","Theressa","Sammut","tsammut7w@uol.com.br","Admin","Expired"
"63439325","Patrica","Dacks","pdacksh@cpanel.net","Admin","Disabled"
"63522496","Jorrie","Spandley","jspandleye3@ucla.edu","Admin","Expired"
"63652497","Demeter","Faucherand","dfaucherand8z@opensource.org","Module Owner","Active"
"63689148","Bunnie","Chark","bcharkoe@freewebs.com","Module Owner","Pending"
"63742864","Stefano","Marfe","smarfee2@huffingtonpost.com","School Management","Disabled"
"63803666","Lucius","Sambals","lsambalskf@aol.com","Admin","Expired"
"63825002","Madelon","Austen","maustengz@archive.org","User","Expired"
"63895742","Anastasie","Telford","atelfordnv@yellowpages.com","Module Owner","Pending"
"63909676","Saundra","Meekin","smeekin6k@nymag.com","Adhoc","Active"
"64051830","Ardelle","Cromleholme","acromleholme98@latimes.com","Adhoc","Disabled"
"64150601","Roarke","Navein","rnaveina0@mapquest.com","Adhoc","Active"
"64187761","Gill","Awin","gawin14@gov.uk","Adhoc","Disabled"
"64283038","Patricia","Snowling","psnowling1c@gov.uk","Admin","Pending"
"64384488","Violante","Jeppe","vjeppehz@ucoz.com","Admin","Expired"
"64681631","Mirella","Wildbore","mwildbore82@timesonline.co.uk","School Management","Disabled"
"64872005","Cherilyn","Beek","cbeek4i@businessinsider.com","Module Owner","Pending"
"64935385","Alvera","Stych","astychq9@apple.com","Module Owner","Pending"
"64997851","Templeton","Lorinez","tlorinezk5@google.de","Module Owner","Active"
"65054174","Tomaso","Nellen","tnellen87@weather.com","School Management","Active"
"65143989","Genevra","Bawles","gbawlesfk@ehow.com","Clerical","Active"
"65267236","Gavra","Bielfeldt","gbielfeldtb0@pbs.org","Clerical","Expired"
"65406942","Albertina","Wingate","awingated8@apache.org","Clerical","Pending"
"65686729","Tremaine","Jendrach","tjendrachm5@mail.ru","Adhoc","Disabled"
"65693323","Berte","Sandars","bsandars76@eepurl.com","Admin","Expired"
"65722121","Rosalie","Castelot","rcastelotlj@microsoft.com","Adhoc","Disabled"
"65764662","Ibrahim","Aveline","iavelinefc@marketwatch.com","Adhoc","Pending"
"65769798","Niki","Breward","nbrewardbr@unc.edu","Admin","Pending"
"66043110","Karry","Vicker","kvickerph@engadget.com","Adhoc","Pending"
"66044928","Amye","Bark","abark5@cbslocal.com","Clerical","Expired"
"66133027","Dom","Perrinchief","dperrinchiefno@cyberchimps.com","User","Active"
"66403803","Ravid","Puve","rpuve75@usgs.gov","Module Owner","Pending"
"66424229","Brandais","Sedge","bsedgeqa@bravesites.com","Adhoc","Active"
"66436920","Syman","Kilby","skilby9z@odnoklassniki.ru","School Management","Pending"
"66478141","Norrie","Rockell","nrockell94@blogspot.com","Adhoc","Expired"
"66553783","Laura","Bachmann","lbachmannkh@wikispaces.com","Clerical","Disabled"
"66632241","Tobin","Roskams","troskams4e@howstuffworks.com","User","Active"
"66819617","Alla","Tomaschke","atomaschke3q@geocities.com","School Management","Pending"
"66956762","Henryetta","Blackford","hblackfordn8@dyndns.org","School Management","Active"
"67056579","Larina","Stolz","lstolziz@hibu.com","School Management","Expired"
"67077060","Morena","Algore","malgorehn@unc.edu","User","Active"
"67096590","Bellanca","Kloska","bkloska65@economist.com","Module Owner","Disabled"
"67099473","Kipp","Wernher","kwernherdk@ucoz.ru","Module Owner","Disabled"
"67110308","Bernadina","Liggins","bligginsbp@patch.com","Clerical","Disabled"
"67321519","Shauna","Evill","sevillqk@yandex.ru","Adhoc","Active"
"67359638","Geri","Gresty","ggrestyqo@slideshare.net","Clerical","Pending"
"67451775","Anson","Huc","ahucax@google.com.au","Admin","Pending"
"67496127","Gal","Prodrick","gprodricken@yellowpages.com","Module Owner","Disabled"
"67517864","Aimil","Thuillier","athuillier7h@sphinn.com","Admin","Expired"
"67563822","Fritz","Morch","fmorchcs@technorati.com","Adhoc","Disabled"
"67627844","Friedrich","Hayden","fhayden9w@mail.ru","Clerical","Expired"
"67690569","Brockie","Mills","bmillsiv@pinterest.com","Clerical","Pending"
"67692378","Tisha","Kindle","tkindledh@yahoo.com","Clerical","Disabled"
"67708956","Forbes","Pinnick","fpinnickcy@cocolog-nifty.com","Module Owner","Pending"
"67998346","Orville","Shipley","oshipleyjr@sakura.ne.jp","Clerical","Active"
"68057576","Christel","Sorbie","csorbiekd@amazon.co.jp","Admin","Expired"
"68276316","Jewelle","Lundon","jlundoni1@chronoengine.com","Clerical","Disabled"
"68280313","Emmaline","Tomlett","etomletth3@ebay.com","School Management","Active"
"68407130","Chanda","Curphey","ccurpheyo5@google.co.uk","Clerical","Expired"
"68491571","Willdon","Nosworthy","wnosworthymd@canalblog.com","Adhoc","Disabled"
"68516620","Gael","Flade","gfladeed@istockphoto.com","Clerical","Pending"
"68548486","Ashli","Osmon","aosmoner@woothemes.com","Admin","Disabled"
"68561111","Clemmy","Nortunen","cnortunends@techcrunch.com","Clerical","Expired"
"68722701","Fairlie","Skylett","fskylettfq@biblegateway.com","Module Owner","Disabled"
"68789674","Hall","Janak","hjanakag@microsoft.com","Clerical","Active"
"68801386","Brannon","O Sullivan","bosullivandy@washingtonpost.com","Adhoc","Active"
"68833854","Dix","Chilton","dchiltong2@usatoday.com","Clerical","Expired"
"68863608","Jim","Gellion","jgellionay@imageshack.us","User","Active"
"68912949","Katine","McIan","kmcian3s@amazon.com","School Management","Disabled"
"68924407","Faunie","De Laspee","fdelaspeecc@oaic.gov.au","Clerical","Expired"
"69032827","Birch","Valero","bvalerogl@example.com","User","Disabled"
"69045483","Barn","Reiners","breinersl5@eepurl.com","Module Owner","Pending"
"69229905","Sada","Hefferon","shefferonf1@pagesperso-orange.fr","Admin","Disabled"
"69243105","Janeta","Antrag","jantragqc@bloomberg.com","Module Owner","Expired"
"69369839","Adelice","Duffie","aduffierk@istockphoto.com","User","Pending"
"69675190","Gerome","Munton","gmunton18@hud.gov","School Management","Pending"
"69722459","Clarice","MacCambridge","cmaccambridgegm@hao123.com","Admin","Pending"
"69801904","Karoly","Dart","kdart5n@marketwatch.com","User","Pending"
"69941937","Agnes","Childrens","achildrenseg@paypal.com","Adhoc","Expired"
"70102986","Joceline","Shipman","jshipmanlr@rambler.ru","User","Pending"
"70297464","Paddie","Barbera","pbarbera8n@liveinternet.ru","User","Disabled"
"70328178","Ethyl","Riseam","eriseamdi@elegantthemes.com","User","Pending"
"70356669","Lin","Matiewe","lmatieweo7@google.cn","Adhoc","Disabled"
"70449645","Imogene","Dayne","idaynen2@xing.com","Admin","Expired"
"70591947","Thatch","Rickson","tricksonlu@clickbank.net","Adhoc","Pending"
"70889439","Edgard","Malam","emalamrg@omniture.com","School Management","Expired"
"70935866","Lucilia","Brocking","lbrockingi@mac.com","Clerical","Pending"
"71027592","Tressa","Winters","twintersrd@nih.gov","Adhoc","Pending"
"71301983","Ilysa","Blastock","iblastockc3@yandex.ru","Admin","Expired"
"71449979","Jerome","Deex","jdeexo9@creativecommons.org","User","Active"
"71659107","Calla","Kurth","ckurthba@histats.com","User","Disabled"
"71675113","Oran","Work","owork35@prnewswire.com","Adhoc","Expired"
"71732010","Anjanette","Clive","aclivedf@craigslist.org","Clerical","Disabled"
"71752120","Sunshine","Moens","smoensqv@fda.gov","Adhoc","Pending"
"71834923","Gherardo","Appleby","gapplebyc9@sphinn.com","School Management","Disabled"
"71899917","Phoebe","Alderman","paldermanki@sourceforge.net","Admin","Pending"
"72042951","Tome","Puddifer","tpuddifer6g@comcast.net","Clerical","Expired"
"72183102","Erin","Coventry","ecoventrybd@flickr.com","Admin","Pending"
"72211087","Sidonnie","Eccleshall","seccleshallpw@nasa.gov","User","Expired"
"72240629","Rosene","Iacovucci","riacovuccik7@nasa.gov","Admin","Pending"
"72274088","Ikey","Goggin","igogginpr@skyrock.com","Clerical","Disabled"
"72297655","Meade","Cluderay","mcluderay36@nasa.gov","Module Owner","Pending"
"72335670","Reinald","Smitham","rsmitham1j@github.io","School Management","Expired"
"72503660","Rosy","Mangenet","rmangenetq2@cnn.com","Admin","Active"
"72635918","Janek","Suerz","jsuerz9e@ebay.com","User","Disabled"
"72723051","Yoko","Littlekit","ylittlekitin@hud.gov","Admin","Expired"
"72893507","Germana","Loges","gloges42@youtube.com","User","Active"
"72906408","Ana","Euston","aeustonra@tripod.com","School Management","Pending"
"73190846","Hildagard","Blest","hblest4m@hc360.com","Module Owner","Disabled"
"73388731","Jourdain","McClounan","jmcclounanog@house.gov","User","Pending"
"73487250","Rosanne","Wildor","rwildor31@cnet.com","Clerical","Disabled"
"73524250","Hazlett","Hampton","hhamptonpg@usgs.gov","School Management","Expired"
"73548964","Valdemar","Gedge","vgedge9u@gizmodo.com","Adhoc","Disabled"
"73802596","Calv","Radford","cradfordg9@exblog.jp","Admin","Active"
"73852824","Cyndia","Leathard","cleathard52@businesswire.com","Adhoc","Disabled"
"73950568","Jillane","Christensen","jchristensenfz@apache.org","Adhoc","Pending"
"73952411","Brittaney","Swait","bswaitgj@yelp.com","Admin","Expired"
"73986103","Jonah","Brodest","jbrodestcz@naver.com","Admin","Pending"
"74051649","Bibbye","Tuffell","btuffellfy@51.la","School Management","Active"
"74099839","Stace","Swanger","sswanger6i@printfriendly.com","School Management","Expired"
"74218378","Giulietta","Godber","ggodberah@biglobe.ne.jp","Admin","Active"
"74247043","Billie","Coard","bcoardr1@cnet.com","School Management","Expired"
"74776380","Robinson","Tourmell","rtourmellea@dyndns.org","Admin","Expired"
"75045836","Pauli","Wooffinden","pwooffindenn5@ihg.com","Adhoc","Active"
"75085047","Codie","McWilliam","cmcwilliamd3@sina.com.cn","School Management","Pending"
"75283959","Reggie","Ivory","rivoryq0@google.com.br","Admin","Pending"
"75807403","Constantine","Anfrey","canfreyex@phpbb.com","Adhoc","Active"
"75879979","Kym","Devote","kdevotene@wikipedia.org","Module Owner","Expired"
"76178029","Conrado","Cuddon","ccuddonbe@plala.or.jp","Adhoc","Active"
"76281034","Viola","Lincoln","vlincoln4g@ted.com","Admin","Pending"
"76404442","Korrie","Horche","khorche1s@icq.com","Clerical","Active"
"76491483","Uta","Shallo","ushalloq3@dagondesign.com","Admin","Expired"
"76529184","Marlane","Sturges","msturgesgb@gizmodo.com","Clerical","Pending"
"76578109","Amory","Crispin","acrispin1i@wsj.com","Clerical","Expired"
"76605973","Erin","Rulton","erultono4@bluehost.com","Admin","Active"
"76761765","Brittney","Pedersen","bpedersen49@upenn.edu","Adhoc","Active"
"76767000","Tine","Kirsche","tkirsche4o@alibaba.com","User","Pending"
"76799975","Aliza","Etty","aetty8g@wikispaces.com","Admin","Expired"
"76821125","Chrisy","Ibbett","cibbettjx@merriam-webster.com","School Management","Active"
"76897388","Arny","Grzes","agrzes5l@mozilla.com","Adhoc","Pending"
"76970560","Harlin","Withull","hwithullnn@comcast.net","Admin","Expired"
"77129833","Michele","Burgyn","mburgynlx@discuz.net","Admin","Pending"
"77200552","Nonah","Babbidge","nbabbidgepd@nhs.uk","Module Owner","Expired"
"77553422","Staci","Staddom","sstaddom7t@over-blog.com","Module Owner","Active"
"77652908","Geoffrey","Scad","gscadr@networkadvertising.org","School Management","Disabled"
"77674365","Odele","Robens","orobensem@twitter.com","School Management","Pending"
"77692553","Leonore","Frawley","lfrawley8b@posterous.com","Admin","Active"
"77744103","Stephanus","Pock","spock55@google.com.br","Adhoc","Pending"
"77785400","Judas","Cogswell","jcogswell9c@bbb.org","Admin","Expired"
"77935752","Margi","Cardoso","mcardoso1l@themeforest.net","School Management","Active"
"78129356","Fifi","McClean","fmcclean32@deliciousdays.com","User","Active"
"78189160","Turner","Grayshan","tgrayshanpx@aol.com","User","Pending"
"78482368","Kaleena","Pickthorne","kpickthorne4u@bing.com","Admin","Pending"
"78539152","Yanaton","Barrim","ybarrimmz@skyrock.com","Clerical","Pending"
"78711380","Tymon","Oller","tollerma@infoseek.co.jp","Adhoc","Disabled"
"79019486","Teddie","Carrabot","tcarrabotqu@soundcloud.com","Adhoc","Expired"
"79048481","Orville","Chadwyck","ochadwyckau@google.com","Adhoc","Pending"
"79182590","Bernard","Ryding","bryding7m@toplist.cz","Clerical","Expired"
"79254460","Stanwood","Kobke","skobkew@buzzfeed.com","Clerical","Active"
"79256562","Clerissa","Renac","crenacqs@rakuten.co.jp","Clerical","Expired"
"79410601","Nappie","Elston","nelstong7@state.tx.us","Module Owner","Disabled"
"79506519","Rance","Isselee","risseleef4@senate.gov","Admin","Disabled"
"79550739","Malina","Shercliff","mshercliff27@acquirethisname.com","Adhoc","Expired"
"79572923","Jacquenette","Floyd","jfloydkl@mit.edu","School Management","Expired"
"79686509","Giffer","Parkhouse","gparkhouseq6@census.gov","Admin","Active"
"79798842","Bayard","Depke","bdepkeh8@freewebs.com","Admin","Active"
"79835817","Yetty","Scorrer","yscorrerbs@feedburner.com","Module Owner","Active"
"79854735","Marcile","Willshire","mwillshire8u@vistaprint.com","Module Owner","Expired"
"79937873","Melisenda","Blatherwick","mblatherwickrb@amazon.co.uk","User","Active"
"79945983","Burty","Cyster","bcyster1v@ft.com","Module Owner","Active"
"80065483","Charin","Cahan","ccahanfx@bloomberg.com","Module Owner","Disabled"
"80217165","Adah","Pierro","apierro41@ed.gov","School Management","Expired"
"80237826","Tedd","Galer","tgalermk@networkadvertising.org","School Management","Active"
"80315843","Steve","Gligori","sgligorim8@arizona.edu","Clerical","Disabled"
"80451369","Elianore","Domanek","edomanek6h@nyu.edu","Adhoc","Pending"
"80507222","Hortensia","Noraway","hnorawayre@goo.ne.jp","Module Owner","Active"
"80584497","Kai","Jindra","kjindra4x@google.cn","Clerical","Expired"
"80828629","Gerhardine","Deetlefs","gdeetlefsk3@moonfruit.com","Adhoc","Expired"
"81154120","Robenia","MacTurlough","rmacturlough8j@bloomberg.com","Module Owner","Pending"
"81207522","Vinson","Di Maggio","vdimaggioh5@com.com","Adhoc","Active"
"81333659","Garnet","Wallbank","gwallbankln@about.me","Module Owner","Active"
"81636672","Dulcy","Roby","drobyk8@mapquest.com","Module Owner","Disabled"
"81727420","Gilemette","Ledgerton","gledgertoncl@hud.gov","School Management","Pending"
"81739426","Tomkin","Dunstan","tdunstan1e@uol.com.br","Module Owner","Active"
"81968878","Aubrey","Bull","abullby@independent.co.uk","Adhoc","Pending"
"82271169","Lurette","Nehl","lnehl4f@ox.ac.uk","User","Active"
"82295053","Kaycee","Hughson","khughsonjz@sbwire.com","School Management","Expired"
"82355607","Serge","Doughton","sdoughtonlc@shinystat.com","User","Expired"
"82499863","Arthur","Judkins","ajudkinspc@uiuc.edu","Admin","Expired"
"82632377","Babette","MacConnell","bmacconnellhv@youtube.com","Module Owner","Pending"
"82679411","Kandy","Darbon","kdarbongx@tuttocitta.it","User","Active"
"82839558","Isis","Heinish","iheinishqz@xing.com","Clerical","Active"
"82930834","Fons","Abrehart","fabrehartbj@histats.com","Clerical","Disabled"
"83074760","Elianora","Roderick","eroderickp@discuz.net","User","Active"
"83206887","Coralie","Tomkinson","ctomkinsonnz@fda.gov","Adhoc","Disabled"
"83212345","Jordon","Bettaney","jbettaneypz@mozilla.com","User","Expired"
"83240997","Cammie","Sandifer","csandifer6w@domainmarket.com","Module Owner","Disabled"
"83256039","Ricki","Ingon","ringonfm@arizona.edu","Module Owner","Disabled"
"83483533","Colas","Quayle","cquaylekc@auda.org.au","Adhoc","Disabled"
"83490711","Alie","Essery","aesseryiy@ucsd.edu","Module Owner","Pending"
"83492151","Niel","Boneham","nbonehamj0@freewebs.com","Adhoc","Pending"
"83652733","Georgia","Shirland","gshirland62@bbb.org","Admin","Disabled"
"83760920","Lynnette","Bidnall","lbidnall2t@examiner.com","Adhoc","Disabled"
"83813859","Dav","Husk","dhuski7@domainmarket.com","User","Expired"
"83838107","Minny","Pietroni","mpietronieb@xrea.com","Admin","Active"
"83883832","Ulises","Gooch","ugoochrq@reverbnation.com","Admin","Pending"
"83950080","Cassey","Mouse","cmousedc@mediafire.com","Admin","Active"
"83988467","Helenelizabeth","Mayor","hmayor3v@github.io","Clerical","Pending"
"84000288","Connor","Wohlers","cwohlers4a@japanpost.jp","School Management","Active"
"84018835","Colas","Brimner","cbrimner5m@unblog.fr","Adhoc","Disabled"
"84155083","Lauren","Kimmins","lkimmins7e@cocolog-nifty.com","Admin","Pending"
"84231186","Betteann","Halden","bhalden8h@ovh.net","Admin","Expired"
"84291040","Tobit","Faiers","tfaierspn@engadget.com","School Management","Expired"
"84463191","Dorian","Fendlow","dfendlowpy@va.gov","Admin","Expired"
"84487529","Gayle","Batha","gbatha43@oaic.gov.au","Admin","Active"
"84807009","Willabella","Elsmere","welsmerebg@google.es","Clerical","Expired"
"84808056","Carilyn","Bridat","cbridatko@dyndns.org","Clerical","Pending"
"84876041","Linnell","McClunaghan","lmcclunaghanr4@chicagotribune.com","Clerical","Expired"
"85000550","Mitzi","Formilli","mformilli6n@unicef.org","Clerical","Pending"
"85161458","Kacy","Rolfe","krolfecj@woothemes.com","Adhoc","Active"
"85173663","Chrissie","Winkless","cwinklesshx@reverbnation.com","School Management","Pending"
"85432596","Brynn","McCree","bmccreelw@dedecms.com","Clerical","Expired"
"85597599","Nannie","Molloy","nmolloycb@yelp.com","Admin","Active"
"85698647","Hernando","Castilljo","hcastilljon7@apple.com","User","Pending"
"85819127","Karole","Oakhill","koakhillr2@reverbnation.com","Adhoc","Active"
"85850262","Albert","Roylance","aroylanceh4@harvard.edu","Module Owner","Active"
"85852113","Hubert","Monelle","hmonelleny@sakura.ne.jp","Admin","Pending"
"85864716","Domeniga","Spinnace","dspinnace8o@canalblog.com","User","Active"
"85920043","Marget","Dene","mdenemg@geocities.com","Clerical","Pending"
"86077708","Ludovika","Felipe","lfelipehp@phpbb.com","School Management","Active"
"86136113","Ninon","McLoughlin","nmcloughlinmu@reference.com","Clerical","Expired"
"86308201","Dorolice","Berlin","dberlin8@webnode.com","User","Pending"
"86646827","Jo","Hendrik","jhendrikd@smugmug.com","Adhoc","Disabled"
"86679115","Coleen","McCallister","cmccallisterqm@example.com","Clerical","Pending"
"86767316","Maynord","Kegan","mkeganej@spotify.com","Admin","Expired"
"86771897","Siusan","Shenton","sshentonq4@mlb.com","User","Disabled"
"86788896","Tomlin","Haresnaip","tharesnaip51@craigslist.org","School Management","Expired"
"86795918","Valerie","Shyres","vshyres2i@amazon.co.jp","School Management","Expired"
"86845437","Giustina","Twigley","gtwigleylm@g.co","Adhoc","Disabled"
"87042168","Enriqueta","Foux","efouxj2@hubpages.com","Clerical","Pending"
"87301422","Cornela","Songer","csonger1w@php.net","School Management","Expired"
"87334063","Ximenes","Londing","xlondingao@ebay.co.uk","Module Owner","Pending"
"87364998","Werner","Donnett","wdonnettp2@vimeo.com","Adhoc","Disabled"
"87407492","Stefa","Gainfort","sgainfortg0@cnet.com","Clerical","Expired"
"87473928","Gertruda","Paxforde","gpaxfordeku@mayoclinic.com","Admin","Disabled"
"87562317","Ophelia","Lardge","olardge7z@nbcnews.com","School Management","Active"
"87801453","Merry","Denerley","mdenerleyl@homestead.com","Module Owner","Disabled"
"87848269","Dion","Rushmer","drushmer5e@wikimedia.org","Adhoc","Disabled"
"87856578","Frans","Lumsdall","flumsdall5t@gmpg.org","School Management","Pending"
"87985486","Ailina","Klimontovich","aklimontovichf@blinklist.com","Adhoc","Pending"
"88018450","Isahella","Skipper","iskipperh2@cbc.ca","Clerical","Expired"
"88060860","Druci","Bengtsen","dbengtsenkb@symantec.com","School Management","Active"
"88149342","Brigham","Pendock","bpendock10@cam.ac.uk","School Management","Pending"
"88410974","Raquela","Grayling","rgraylingb1@tumblr.com","School Management","Pending"
"88453058","Murray","Popping","mpoppingcx@jimdo.com","School Management","Expired"
"88540156","Wat","Dzeniskevich","wdzeniskevich6t@mayoclinic.com","User","Disabled"
"88658736","Yvette","Dunston","ydunstonoj@whitehouse.gov","School Management","Disabled"
"88671537","Ad","Ridge","aridge69@goo.gl","School Management","Active"
"88672187","Jacquelin","Blatherwick","jblatherwick17@ning.com","Clerical","Active"
"88710286","Darryl","Lowell","dlowell1n@omniture.com","School Management","Disabled"
"88772919","Frannie","Peschmann","fpeschmannj4@tmall.com","Admin","Pending"
"88799230","Bernelle","Lackinton","blackintonic@studiopress.com","User","Expired"
"88832943","Siffre","Snassell","ssnassellfu@stumbleupon.com","Adhoc","Active"
"88867432","Demetra","Dineen","ddineen16@google.fr","Clerical","Pending"
"88972856","Bernadette","Stiegar","bstiegaraw@cyberchimps.com","Clerical","Active"
"88987505","Barbaraanne","Lomis","blomisio@walmart.com","School Management","Pending"
"88987991","Zandra","Strettle","zstrettledr@newsvine.com","Admin","Pending"
"89329750","Tobin","Buzza","tbuzzadn@nbcnews.com","Adhoc","Active"
"89338298","Susanne","Georges","sgeorgesb3@yellowbook.com","Clerical","Active"
"89372211","Sher","Tumilty","stumiltycp@ehow.com","User","Disabled"
"89410194","Bryn","Petchey","bpetchey2f@reddit.com","School Management","Expired"
"89432102","Carl","Fowley","cfowleyhk@ezinearticles.com","School Management","Expired"
"89696116","Carlyn","Kemwal","ckemwalbl@bloglovin.com","Adhoc","Active"
"89699722","Karney","Truss","ktrussh9@theglobeandmail.com","Adhoc","Disabled"
"89791729","Orbadiah","Pedrick","opedricka1@globo.com","User","Active"
"89801854","Alasdair","McNair","amcnairb4@arstechnica.com","Admin","Expired"
"90159729","Aubine","McNea","amcnea79@youtu.be","Admin","Disabled"
"90300682","Dorolisa","Balasini","dbalasini7q@jiathis.com","Admin","Expired"
"90394573","Aubert","Reasce","areascej6@businessweek.com","Clerical","Active"
"90478265","Marcy","Pickford","mpickforda7@reuters.com","User","Pending"
"90511463","Fay","Mattisssen","fmattisssenlt@apache.org","Admin","Disabled"
"90589946","Trueman","Hierro","thierro11@pinterest.com","School Management","Active"
"90644428","Beatrisa","Corneljes","bcorneljes3b@mlb.com","Clerical","Pending"
"90700402","Saleem","Riddich","sriddichrh@seattletimes.com","School Management","Expired"
"90754434","Flint","Foss","ffossaa@howstuffworks.com","School Management","Pending"
"90828154","Kissie","Proschke","kproschkecw@apache.org","Admin","Expired"
"90916662","Gleda","Ivanishin","givanishin5c@mtv.com","School Management","Active"
"90940060","Onfre","Mogg","omogga9@github.io","User","Expired"
"91174173","Rori","Schlagtmans","rschlagtmanso6@narod.ru","Admin","Pending"
"91228166","Brook","Goult","bgoult2w@google.ru","User","Pending"
"91239382","Arlette","Franey","afraneymb@epa.gov","Module Owner","Pending"
"91245303","Rolando","Vaissiere","rvaissierebm@marriott.com","Clerical","Expired"
"91265056","Rutger","Warsap","rwarsap9i@spiegel.de","School Management","Expired"
"91430962","Viv","Rucklesse","vrucklesse9x@upenn.edu","User","Active"
"91477101","Elita","Tremoulet","etremoulet1k@kickstarter.com","School Management","Disabled"
"91512112","Barth","Burkin","bburkinht@quantcast.com","Admin","Disabled"
"91553567","Toiboid","Mitkcov","tmitkcovmy@ycombinator.com","User","Expired"
"91622480","Bent","Millichap","bmillichapoc@nbcnews.com","School Management","Active"
"91722741","Nicolis","Rozier","nrozierr6@intel.com","Clerical","Active"
"91806541","Daisey","Glaisner","dglaisner3k@de.vu","User","Disabled"
"91856273","Joann","Ridout","jridout5r@github.io","School Management","Disabled"
"91915515","Blanca","Canete","bcanetep4@nhs.uk","Admin","Disabled"
"92038026","Faith","Gerant","fgerantm9@accuweather.com","Adhoc","Disabled"
"92072327","Alberta","Fidgett","afidgettmq@addthis.com","Clerical","Active"
"92282923","Trude","Slack","tslackpj@yellowbook.com","School Management","Active"
"92377870","Bruis","Aikett","baikettje@newyorker.com","Module Owner","Disabled"
"92529176","Marty","Gress","mgressgn@netscape.com","School Management","Active"
"92539810","Levy","Nisen","lnisenu@wikia.com","Module Owner","Disabled"
"92581949","Loydie","Dreamer","ldreamerps@live.com","Clerical","Active"
"92656510","Valina","Franseco","vfransecojg@loc.gov","Adhoc","Disabled"
"92797000","Mariellen","Youings","myouingsrr@4shared.com","User","Pending"
"92866912","Vivi","Blacker","vblacker97@feedburner.com","Clerical","Pending"
"92937038","Alida","Cawdell","acawdellj1@dailymail.co.uk","Clerical","Active"
"92986342","Thayne","Halstead","thalsteadjw@macromedia.com","Admin","Disabled"
"93192356","Ede","Kopfen","ekopfenjs@dailymotion.com","Admin","Active"
"93234479","Channa","Kikke","ckikke9t@constantcontact.com","Admin","Expired"
"93535810","Sonja","McKag","smckag8k@miitbeian.gov.cn","Clerical","Pending"
"93592151","Isabelita","Wintour","iwintouror@list-manage.com","Admin","Pending"
"93607495","Amity","Tenniswood","atenniswood2j@aboutads.info","School Management","Pending"
"93696475","Yale","Brussell","ybrussell8t@live.com","Clerical","Expired"
"93708121","Chrissie","Aspinall","caspinalldm@gov.uk","Adhoc","Disabled"
"93808551","Nerty","Longo","nlongomr@51.la","Clerical","Expired"
"93866657","Anselma","Redit","aredit8v@usda.gov","Adhoc","Active"
"93877397","Elise","Davison","edavisonbv@alibaba.com","Clerical","Pending"
"93880083","Jermaine","Fraschini","jfraschiniml@xinhuanet.com","Admin","Disabled"
"93903815","Kev","Orchard","korchardla@cnet.com","School Management","Disabled"
"93918911","Terrye","Westover","twestoverl4@apache.org","Adhoc","Pending"
"93957510","Kelwin","Vignaux","kvignaux9q@discuz.net","School Management","Disabled"
"93961340","Clerc","Littlechild","clittlechildo0@prlog.org","Module Owner","Expired"
"94020062","Bekki","Gytesham","bgyteshamgh@mail.ru","School Management","Expired"
"94243602","Charley","Di Nisco","cdiniscoo@ocn.ne.jp","Admin","Pending"
"94326672","Marylynne","Clifford","mcliffordfi@discovery.com","Adhoc","Disabled"
"94785637","Robby","Yaknov","ryaknovpq@amazonaws.com","Module Owner","Active"
"94814185","Lin","Novello","lnovelloi8@sogou.com","Clerical","Pending"
"95230141","Silvio","Bertomier","sbertomier7a@digg.com","Clerical","Active"
"95376635","Nata","Arthy","narthyqn@unblog.fr","Clerical","Active"
"95559237","Maddy","Churchouse","mchurchouse3e@goo.gl","User","Expired"
"95598615","Kimmy","Schreiner","kschreinergw@intel.com","School Management","Expired"
"95614705","Susy","Iacobini","siacobini7x@constantcontact.com","Admin","Disabled"
"95729874","Evvy","Haquin","ehaquinca@e-recht24.de","School Management","Expired"
"95774136","Nye","Oulet","nouletnj@nps.gov","Admin","Disabled"
"95844260","Roshelle","Yakebovitch","ryakebovitchc2@google.ru","User","Disabled"
"96014447","Auberon","McKibbin","amckibbin59@bbc.co.uk","Module Owner","Active"
"96128642","Dell","Standish","dstandishdl@w3.org","Module Owner","Active"
"96227884","Rowe","Gyrgorwicx","rgyrgorwicxk4@bloglines.com","Adhoc","Expired"
"96246577","Novelia","McGrayle","nmcgraylecu@msu.edu","User","Expired"
"96323657","Alberta","Oven","aoven4v@ning.com","Admin","Expired"
"96400633","Nita","Latter","nlattercv@stumbleupon.com","Adhoc","Disabled"
"96578250","Ruggiero","O'Mullaney","romullaneyp6@auda.org.au","Adhoc","Expired"
"96617789","Henrieta","Mound","hmounddz@paypal.com","Admin","Expired"
"96859023","Trenton","Fydo","tfydobt@artisteer.com","User","Disabled"
"96892961","Honey","Crombie","hcrombie9f@chronoengine.com","Admin","Active"
"96937162","Randell","Behan","rbehangk@printfriendly.com","Clerical","Pending"
"96944163","Seth","Conor","sconor34@umich.edu","School Management","Active"
"97035095","Shawn","Fawke","sfawke7@drupal.org","School Management","Expired"
"97149685","Terencio","Whittington","twhittingtondj@4shared.com","Module Owner","Active"
"97171038","Chen","Rohlfing","crohlfingdp@telegraph.co.uk","School Management","Expired"
"97215171","Reagan","Neil","rneilnh@berkeley.edu","User","Pending"
"97229107","Roselle","Tullett","rtullett99@dailymotion.com","Module Owner","Active"
"97245983","Marylee","Bastock","mbastockp9@freewebs.com","Clerical","Active"
"97261763","Rozanna","Creer","rcreerm2@facebook.com","Adhoc","Active"
"97266188","Maureene","McCoid","mmccoid7s@eepurl.com","Adhoc","Expired"
"97321686","Caty","Cardo","ccardogo@engadget.com","Clerical","Pending"
"97357107","Roy","Orman","rorman72@mit.edu","Module Owner","Disabled"
"97384454","Janaye","Lympenie","jlympenieli@nifty.com","User","Pending"
"97432722","Carilyn","Brane","cbrane73@behance.net","Adhoc","Expired"
"97436015","Moselle","Rosenblath","mrosenblathqw@wordpress.com","Module Owner","Expired"
"97651983","Riki","Byk","rbykih@cloudflare.com","Module Owner","Disabled"
"97947340","Alberta","Rendell","arendelloh@youku.com","Admin","Active"
"98046896","Halimeda","Farfolomeev","hfarfolomeevjo@stumbleupon.com","User","Expired"
"98123798","Roz","Blazek","rblazekae@mysql.com","Clerical","Active"
"98167361","Kandy","Cuttles","kcuttlespk@admin.ch","Clerical","Disabled"
"98168189","Cindelyn","Fetherston","cfetherstonaf@comcast.net","Clerical","Disabled"
"98305739","Davine","Lammers","dlammersnp@apple.com","Admin","Active"
"98501464","Aleta","O'Cleary","aocleary5g@weebly.com","Module Owner","Expired"
"98656663","Ab","Armstead","aarmstead84@irs.gov","Admin","Expired"
"98831474","Randie","Willbraham","rwillbraham5b@networkadvertising.org","Adhoc","Pending"
"98874440","Francesca","Fuzzens","ffuzzenslg@sogou.com","Admin","Pending"
"98890722","Carlen","Maunton","cmauntonce@washington.edu","User","Active"
"98975294","Alexa","Dun","adun7p@360.cn","Module Owner","Disabled"
"99177802","Gael","Heeps","gheepsef@intel.com","Module Owner","Disabled"
"99261400","Kyla","Vearncombe","kvearncombenq@technorati.com","Adhoc","Expired"
"99284071","Cathi","Hartegan","charteganok@reddit.com","Adhoc","Active"
"99356489","Rebekah","Matteini","rmatteinigp@moonfruit.com","Clerical","Expired"
"99359796","Elvina","Crossan","ecrossanhg@nationalgeographic.com","Adhoc","Active"
"99396642","Morlee","Cannaway","mcannawayq7@google.com.hk","Admin","Active"
"99409917","Lexis","Wallentin","lwallentinkz@opensource.org","Admin","Disabled"
"99606444","Ardyth","Atkins","aatkinsb9@google.nl","User","Pending"
"99674263","Melissa","Atger","matgerom@tmall.com","Module Owner","Active"
"99681589","Manuel","Handasyde","mhandasydeam@fema.gov","User","Expired"
"99727115","Isobel","Sprigin","isprigin70@com.com","Adhoc","Disabled"
"99774946","Mayne","Lynagh","mlynaghpb@google.com.br","User","Disabled"
"99947042","Munroe","Chaudron","mchaudronfj@wikia.com","Admin","Pending"